Workbook

Sheet Account Sales Data
A1: Account ID | B1: Account Name | C1: Account Type | D1: Region | E1: Product 1 | F1: Product 2 | G1: 2016 Unit Sales | H1: 2017 Unit Sales | I1: 2018 Unit Sales | J1: 2019 Unit Sales | K1: 2020 Unit Sales | L1: 2021 Unit Sales | M1: 5 YR CAGR
A2: AC-1001 | B2: Northstar Office Supply | C2: Enterprise | D2: North | E2: Yes | F2: Yes | G2: 210 | H2: 235 | I2: 260 | J2: 280 | K2: 305 | L2: 340 | M2: =(L2/G2)^(1/5)-1 -> 0.1011638
A3: AC-1002 | B3: Cedar Lane Market | C3: Retail | D3: West | E3: Yes | F3: No | G3: 180 | H3: 172 | I3: 165 | J3: 158 | K3: 150 | L3: 142 | M3: =(L3/G3)^(1/5)-1 -> -0.046318918
A4: AC-1003 | B4: BrightPath Services | C4: Small Business | D4: East | E4: Yes | F4: Yes | G4: 95 | H4: 110 | I4: 128 | J4: 141 | K4: 162 | L4: 185 | M4: =(L4/G4)^(1/5)-1 -> 0.14258791
A5: AC-1004 | B5: Harborview Goods | C5: Distributor | D5: South | E5: Yes | F5: No | G5: 320 | H5: 345 | I5: 360 | J5: 390 | K5: 420 | L5: 455 | M5: =(L5/G5)^(1/5)-1 -> 0.072932211
A6: AC-1005 | B6: Summit Ridge Retail | C6: Retail | D6: Central | E6: Yes | F6: Yes | G6: 250 | H6: 245 | I6: 255 | J6: 270 | K6: 285 | L6: 300 | M6: =(L6/G6)^(1/5)-1 -> 0.037137289
A7: AC-1006 | B7: BluePeak Solutions | C7: Enterprise | D7: West | E7: Yes | F7: No | G7: 140 | H7: 155 | I7: 180 | J7: 195 | K7: 210 | L7: 240 | M7: =(L7/G7)^(1/5)-1 -> 0.11382418
A8: AC-1007 | B8: Maple Street Co. | C8: Small Business | D8: North | E8: Yes | F8: Yes | G8: 75 | H8: 82 | I8: 90 | J8: 101 | K8: 112 | L8: 128 | M8: =(L8/G8)^(1/5)-1 -> 0.11283235
A9: AC-1008 | B9: Evergreen Wholesale | C9: Distributor | D9: East | E9: Yes | F9: Yes | G9: 360 | H9: 398 | I9: 390 | J9: 405 | K9: 430 | L9: 448 | M9: =(L9/G9)^(1/5)-1 -> 0.044708438
A10: AC-1009 | B10: Golden Field Retail | C10: Retail | D10: South | E10: Yes | F10: No | G10: 265 | H10: 240 | I10: 220 | J10: 205 | K10: 190 | L10: 175 | M10: =(L10/G10)^(1/5)-1 -> -0.079638518
A11: AC-1010 | B11: Orbit Commerce | C11: Online | D11: West | E11: Yes | F11: Yes | G11: 30 | H11: 58 | I11: 120 | J11: 260 | K11: 520 | L11: 980 | M11: =(L11/G11)^(1/5)-1 -> 1.0082647
A12: AC-1011 | B12: Pioneer Business Group | C12: Enterprise | D12: Central | E12: Yes | F12: Yes | G12: 360 | H12: 375 | I12: 392 | J12: 410 | K12: 445 | L12: 470 | M12: =(L12/G12)^(1/5)-1 -> 0.054773163
A13: AC-1012 | B13: Redwood Home Market | C13: Retail | D13: North | E13: Yes | F13: No | G13: 205 | H13: 212 | I13: 218 | J13: 225 | K13: 230 | L13: 236 | M13: =(L13/G13)^(1/5)-1 -> 0.028564731
... A41: AC-1040 | B41: Nova Lane Market | C41: Retail | D41: West | E41: Yes | F41: Yes | G41: 190 | H41: 205 | I41: 222 | J41: 240 | K41: 262 | L41: 286 | M41: =(L41/G41)^(1/5)-1 -> 0.085231738

Sheet Pivot Table Summary
A2: Account Type | B2: 2016 Unit Sales | C2: 2017 Unit Sales | D2: 2018 Unit Sales | E2: 2019 Unit Sales | F2: 2020 Unit Sales | G2: 2021 Unit Sales
A3: Distributor | B3: 2935 | C3: 3128 | D3: 3251 | E3: 3430 | F3: 3637 | G3: 3861
A4: Enterprise | B4: 3150 | C4: 3280 | D4: 3437 | E4: 3600 | F4: 3805 | G4: 4051
A5: Online | B5: 238 | C5: 406 | D5: 740 | E5: 1410 | F5: 2730 | G5: 5140
A6: Retail | B6: 2850 | C6: 2908 | D6: 2971 | E6: 3064 | F6: 3176 | G6: 3299
A7: Small Business | B7: 600 | C7: 658 | D7: 716 | E7: 779 | F7: 845 | G7: 927
A8: Grand Total | B8: 9773 | C8: 10380 | D8: 11115 | E8: 12283 | F8: 14193 | G8: 17278

Sheet Dashboard
B2: EXECUTIVE SALES PERFORMANCE DASHBOARD | P2: Year | Q2: Unit Sales | S2: Account Name | T2: 2021 Unit Sales
B3: Comprehensive Multi-Year Unit Sales & Account Performance Analysis (2016–2021) | P3: 2016 | Q3: =SUM('Account Sales Data'!G2:G41) -> 9773 | S3: =IFERROR(__xludf.DUMMYFUNCTION("QUERY('Account Sales Data'!B2:L41, ""SELECT B, L ORDER BY L DESC LIMIT 10"", 0)"),"Cloudline Commerce") -> Cloudline Commerce | T3: =IFERROR(__xludf.DUMMYFUNCTION("""COMPUTED_VALUE"""),1450) -> 1450
B4: 2021 TOTAL SALES | E4: YOY GROWTH (2020-21) | H4: 5-YR TOTAL VOLUME | K4: ACTIVE ACCOUNTS | P4: 2017 | Q4: =SUM('Account Sales Data'!H2:H41) -> 10380 | S4: =IFERROR(__xludf.DUMMYFUNCTION("""COMPUTED_VALUE"""),"Juniper Digital") -> Juniper Digital | T4: =IFERROR(__xludf.DUMMYFUNCTION("""COMPUTED_VALUE"""),1180) -> 1180
B5: =SUM('Account Sales Data'!L2:L41) -> 17278 | E5: =(SUM('Account Sales Data'!L2:L41)-SUM('Account Sales Data'!K2:K41))/SUM('Account Sales Data'!K2:K41) -> 0.21736067 | H5: =SUM('Account Sales Data'!G2:L41) -> 75022 | K5: =COUNTA('Account Sales Data'!A2:A41) -> 40 | P5: 2018 | Q5: =SUM('Account Sales Data'!I2:I41) -> 11115 | S5: =IFERROR(__xludf.DUMMYFUNCTION("""COMPUTED_VALUE"""),"Orbit Commerce") -> Orbit Commerce | T5: =IFERROR(__xludf.DUMMYFUNCTION("""COMPUTED_VALUE"""),980) -> 980
P6: 2019 | Q6: =SUM('Account Sales Data'!J2:J41) -> 12283 | S6: =IFERROR(__xludf.DUMMYFUNCTION("""COMPUTED_VALUE"""),"MetroWorks Supply") -> MetroWorks Supply | T6: =IFERROR(__xludf.DUMMYFUNCTION("""COMPUTED_VALUE"""),820) -> 820
P7: 2020 | Q7: =SUM('Account Sales Data'!K2:K41) -> 14193 | S7: =IFERROR(__xludf.DUMMYFUNCTION("""COMPUTED_VALUE"""),"Keystone Business Group") -> Keystone Business Group | T7: =IFERROR(__xludf.DUMMYFUNCTION("""COMPUTED_VALUE"""),748) -> 748
P8: 2021 | Q8: =SUM('Account Sales Data'!L2:L41) -> 17278 | S8: =IFERROR(__xludf.DUMMYFUNCTION("""COMPUTED_VALUE"""),"Ironwood Distribution") -> Ironwood Distribution | T8: =IFERROR(__xludf.DUMMYFUNCTION("""COMPUTED_VALUE"""),705) -> 705
S9: =IFERROR(__xludf.DUMMYFUNCTION("""COMPUTED_VALUE"""),"Silverline Distribution") -> Silverline Distribution | T9: =IFERROR(__xludf.DUMMYFUNCTION("""COMPUTED_VALUE"""),640) -> 640
P10: Account Type | Q10: 2021 Unit Sales | S10: =IFERROR(__xludf.DUMMYFUNCTION("""COMPUTED_VALUE"""),"Westbrook Distribution") -> Westbrook Distribution | T10: =IFERROR(__xludf.DUMMYFUNCTION("""COMPUTED_VALUE"""),590) -> 590
P11: Distributor | Q11: =SUMIF('Account Sales Data'!$C$2:$C$41, P11, 'Account Sales Data'!$L$2:$L$41) -> 3861 | S11: =IFERROR(__xludf.DUMMYFUNCTION("""COMPUTED_VALUE"""),"Peakline Commerce") -> Peakline Commerce | T11: =IFERROR(__xludf.DUMMYFUNCTION("""COMPUTED_VALUE"""),560) -> 560
P12: Enterprise | Q12: =SUMIF('Account Sales Data'!$C$2:$C$41, P12, 'Account Sales Data'!$L$2:$L$41) -> 4051 | S12: =IFERROR(__xludf.DUMMYFUNCTION("""COMPUTED_VALUE"""),"Granite Bay Wholesale") -> Granite Bay Wholesale | T12: =IFERROR(__xludf.DUMMYFUNCTION("""COMPUTED_VALUE"""),548) -> 548
P13: Online | Q13: =SUMIF('Account Sales Data'!$C$2:$C$41, P13, 'Account Sales Data'!$L$2:$L$41) -> 5140
P14: Retail | Q14: =SUMIF('Account Sales Data'!$C$2:$C$41, P14, 'Account Sales Data'!$L$2:$L$41) -> 3299
P15: Small Business | Q15: =SUMIF('Account Sales Data'!$C$2:$C$41, P15, 'Account Sales Data'!$L$2:$L$41) -> 927
